City_ID,latitud,longitude,temperature,humidity,cloudiness,wind_speed,country,description,city
0,39.3558,-9.3811,59.11,94,0,8.9,PT,clear sky,Peniche
1,-32.035,-52.0986,58.01,91,0,8.52,BR,clear sky,Rio Grande
2,42.6001,-73.9662,52.39,82,100,4.34,US,overcast clouds,Albany
3,-23.1203,-134.9692,70.29,62,89,23.69,PF,overcast clouds,Rikitea
4,-21.1333,164.9,78.06,50,3,10.56,NC,clear sky,Pouembout
5,42.097,-79.2353,49.64,70,0,10.36,US,clear sky,Jamestown
6,-33.5906,26.891,60.53,85,0,8.7,ZA,clear sky,Port Alfred
7,-20.4081,57.7,75.25,68,40,11.5,MU,scattered clouds,Mahébourg
8,18.65,-99.2,77.43,80,12,1.32,MX,few clouds,Zacatepec
9,-17.2222,-46.8747,67.05,90,99,2.86,BR,overcast clouds,Paracatu
10,11.4045,-69.6734,79.88,86,16,9.91,VE,few clouds,Coro
11,3.7833,72.9667,81.72,77,100,16.31,MV,overcast clouds,Mahibadhoo
12,16.8634,-99.8901,80.42,83,0,3.44,MX,clear sky,Acapulco de Juárez
13,-21.3585,55.7679,76.59,72,40,11.32,RE,scattered clouds,Saint-Philippe
14,-21.2078,-159.775,75.25,73,20,18.41,CK,few clouds,Avarua
15,22.0752,-159.319,82.38,74,40,13.8,US,scattered clouds,Kapaa
16,26.7693,31.5021,73.26,44,0,6.38,EG,clear sky,Ţahţā
17,-53.15,-70.9167,42.91,81,75,17.27,CL,broken clouds,Punta Arenas
18,68.7098,-52.8699,21.02,83,18,6.15,GL,few clouds,Aasiaat
19,47.5999,-53.2648,49.33,82,0,11.74,CA,clear sky,Bay Roberts
20,48.9329,-125.5528,59.09,88,99,6.82,CA,overcast clouds,Ucluelet
21,77.484,-69.3632,16.5,81,100,5.44,GL,overcast clouds,Qaanaaq
22,-42.8794,147.3294,55.26,63,75,11.5,AU,broken clouds,Hobart
23,-10.0681,-78.1522,60.6,85,36,9.37,PE,scattered clouds,Huarmey
24,42.9744,140.5089,47.61,86,99,6.08,JP,overcast clouds,Iwanai
25,-33.918,25.5701,59.31,86,75,6.91,ZA,broken clouds,Port Elizabeth
26,59.7035,30.7861,45.81,96,82,3.67,RU,broken clouds,Nikolskoye
27,-46.6,168.3333,39.79,63,96,29.84,NZ,overcast clouds,Bluff
28,-33.65,115.3333,57.49,61,75,18.81,AU,broken clouds,Busselton
29,-0.7393,-90.3518,66.54,93,31,7.0,EC,scattered clouds,Puerto Ayora
30,67.45,153.6833,26.87,55,41,18.79,RU,scattered clouds,Srednekolymsk
31,-54.8,-68.3,42.46,81,0,6.91,AR,clear sky,Ushuaia
32,-34.4187,19.2345,44.8,78,52,5.28,ZA,broken clouds,Hermanus
33,-38.2667,141.9667,53.37,96,100,16.15,AU,light rain,Codrington
34,-5.0892,-81.1144,61.77,84,84,12.95,PE,broken clouds,Paita
35,-46.1927,168.8643,40.48,95,99,12.12,NZ,light rain,Mataura
36,-33.6971,-53.4616,52.56,92,0,4.38,UY,clear sky,Chui
37,-42.7167,170.9667,47.57,58,75,28.74,NZ,broken clouds,Hokitika
38,-16.4833,-151.75,78.35,71,14,25.21,PF,few clouds,Faanui
39,11.2833,-15.8333,81.3,79,65,8.93,GW,broken clouds,Bubaque
40,-0.9492,100.3543,80.65,84,100,7.07,ID,overcast clouds,Padang
41,6.4965,2.6036,75.04,94,46,3.49,BJ,scattered clouds,Porto-Novo
42,69.2167,-51.1,30.22,55,18,2.3,GL,few clouds,Ilulissat
43,6.1241,81.1185,84.29,67,99,20.4,LK,overcast clouds,Hambantota
44,45.1209,37.6417,55.72,69,78,4.72,RU,broken clouds,Varenikovskaya
45,-13.7,-76.2167,59.05,82,20,8.05,PE,few clouds,Pisco
46,-19.0595,-169.9187,80.49,74,20,11.5,NU,few clouds,Alofi
47,-21.2,-175.2,73.56,94,75,10.36,TO,thunderstorm,Vaini
48,-2.0226,147.2712,85.44,71,100,12.37,PG,overcast clouds,Lorengau
49,39.05,-27.9833,67.01,83,100,20.67,PT,light rain,Lagoa
50,-9.8,-139.0333,76.8,69,23,21.92,PF,few clouds,Atuona
51,35.6003,103.2064,47.75,82,100,6.22,CN,overcast clouds,Linxia Chengguanzhen
52,-22.9661,-42.0278,68.16,87,100,5.26,BR,overcast clouds,Arraial do Cabo
53,41.3712,-73.414,55.76,88,100,11.5,US,overcast clouds,Bethel
54,40.4272,71.7189,66.92,30,2,2.3,UZ,clear sky,Yangi Marg`ilon
55,4.8845,-1.7554,74.46,94,73,5.46,GH,broken clouds,Takoradze
56,-46.2817,169.8464,35.53,87,95,19.77,NZ,overcast clouds,Kaitangata
57,-32.7167,152.15,63.0,91,100,15.01,AU,light rain,Nelson Bay
58,46.8436,-1.8749,62.96,96,33,9.33,FR,scattered clouds,Challans
59,-24.8667,113.6333,71.8,59,24,13.76,AU,few clouds,Carnarvon
60,62.2266,-6.589,49.12,84,14,34.69,FO,light rain,Klaksvík
61,67.8557,20.2251,40.12,87,100,12.66,SE,moderate rain,Kiruna
62,-34.5833,150.8552,60.19,83,100,4.0,AU,moderate rain,Flinders
63,-38.0023,-57.5575,55.94,84,0,5.01,AR,clear sky,Mar del Plata
64,21.6333,110.5833,86.99,67,22,6.82,CN,few clouds,Huazhou
65,65.282,-126.8329,39.24,81,100,13.8,CA,overcast clouds,Norman Wells
66,-42.7826,147.0587,54.91,45,98,9.01,AU,overcast clouds,New Norfolk
67,71.6872,128.8694,22.68,83,100,16.75,RU,overcast clouds,Tiksi
68,10.2849,22.7882,69.62,86,99,3.47,CF,overcast clouds,Birao
69,38.5167,-28.7,66.6,82,75,23.02,PT,light rain,Ribeira Grande
70,2.1833,22.4667,70.66,96,100,1.28,CD,overcast clouds,Bumba
71,60.1432,-45.2371,38.01,95,100,24.61,GL,light rain,Nanortalik
72,-2.5744,150.7967,84.87,64,62,15.95,PG,broken clouds,Kavieng
73,12.2175,4.3792,78.69,75,100,6.89,NG,overcast clouds,Jega
74,27.9769,-114.0611,70.05,80,3,12.64,MX,clear sky,Guerrero Negro
75,17.4924,44.1277,75.85,19,44,1.86,SA,scattered clouds,Najrān
76,54.4355,56.3221,46.65,39,100,8.14,RU,overcast clouds,Ulukulevo
77,-41.0667,145.9167,53.94,54,100,20.69,AU,overcast clouds,Burnie
78,18.451,-78.1736,78.85,80,99,3.58,JM,overcast clouds,Lucea
79,-33.9258,18.4232,50.92,72,0,6.91,ZA,clear sky,Cape Town
80,3.0707,172.7902,82.2,73,57,17.2,KI,broken clouds,Butaritari
81,71.2906,-156.7887,32.02,86,100,6.91,US,overcast clouds,Barrow
82,19.7297,-155.09,80.33,79,75,3.44,US,broken clouds,Hilo
83,7.4167,81.8167,85.73,58,100,1.66,LK,overcast clouds,Kalmunai
84,62.55,149.6667,17.71,94,100,12.28,RU,snow,Yagodnoye
85,-20.7377,116.8463,80.35,34,0,14.34,AU,clear sky,Karratha
86,78.2186,15.6401,37.24,75,40,18.41,SJ,scattered clouds,Longyearbyen
87,73.5069,80.5464,32.04,76,100,17.45,RU,overcast clouds,Dikson
88,-21.6403,-41.0511,68.63,95,100,5.77,BR,light rain,São João da Barra
89,-13.9652,28.6809,64.47,36,4,6.85,ZM,clear sky,Kapiri Mposhi
90,66.9395,-53.6735,28.69,73,6,8.41,GL,clear sky,Sisimiut
91,37.7167,-25.4333,71.2,90,70,4.97,PT,broken clouds,Vila Franca do Campo
92,-20.3167,118.5667,84.25,45,0,14.97,AU,clear sky,Port Hedland
93,62.456,-114.3525,34.32,64,75,10.36,CA,broken clouds,Yellowknife
94,37.666,-77.5064,54.32,84,100,5.75,US,overcast clouds,Glen Allen
95,14.3,-91.9167,80.76,76,100,3.15,GT,overcast clouds,Champerico
96,68.8193,-51.1922,30.45,79,11,4.52,GL,few clouds,Qasigiannguit
97,-37.6167,-73.65,48.24,93,14,3.13,CL,few clouds,Lebu
98,41.7839,15.4437,51.62,64,5,1.52,IT,clear sky,Apricena
99,-26.6731,27.9261,66.87,61,27,13.56,ZA,scattered clouds,Vereeniging
100,-12.95,-76.3833,60.82,81,40,3.02,PE,scattered clouds,Quilmaná
101,37.1041,-113.5841,78.26,28,0,5.75,US,clear sky,Saint George
102,27.9167,96.1667,78.04,93,98,0.36,IN,light rain,Tezu
103,20.5169,-13.0499,90.3,23,12,10.78,MR,few clouds,Atar
104,-5.9475,29.1947,70.61,70,87,4.34,CD,overcast clouds,Kalemie
105,64.3833,-173.3,37.51,93,75,11.18,RU,broken clouds,Provideniya
106,13.2167,-59.5167,81.21,83,75,33.38,BB,broken clouds,Bathsheba
107,10.0667,34.5333,59.65,93,77,5.01,ET,light rain,Āsosa
108,14.75,106.0,86.88,53,96,2.86,LA,overcast clouds,Champasak
109,37.4185,66.0436,70.5,17,0,8.46,AF,clear sky,Qarqīn
110,69.3833,178.4167,21.02,85,18,5.82,RU,few clouds,Leningradskiy
111,7.7669,-72.225,71.78,98,99,1.99,VE,overcast clouds,San Cristobal
112,-26.6481,15.1594,53.19,80,21,14.97,NA,few clouds,Lüderitz
113,30.4833,-115.95,68.83,85,20,6.78,MX,few clouds,San Quintín
114,-34.5322,20.0403,46.8,86,64,5.14,ZA,broken clouds,Bredasdorp
115,28.3724,-16.7119,78.55,53,100,11.39,ES,overcast clouds,Icod de los Vinos
116,41.1667,-81.1998,50.5,82,0,3.44,US,clear sky,Portage
117,25.5198,90.2201,78.31,82,98,2.39,IN,overcast clouds,Tura
118,-30.1811,-50.2056,58.96,87,2,5.26,BR,clear sky,Cidreira
119,-28.45,18.7333,57.6,33,0,6.76,NA,clear sky,Warmbad
120,-17.7125,-39.2481,74.46,80,59,10.98,BR,broken clouds,Caravelas
121,71.9667,102.5,29.23,97,99,5.86,RU,light snow,Khatanga
122,70.6333,147.9167,25.32,79,98,6.62,RU,overcast clouds,Chokurdakh
123,40.2883,38.4236,51.48,90,76,2.86,TR,broken clouds,Şebinkarahisar
124,67.667,12.6934,49.86,80,100,20.02,NO,overcast clouds,Sørland
125,51.3813,1.3862,62.91,78,100,8.01,GB,overcast clouds,Margate
126,63.7506,-68.5145,33.53,100,100,3.0,CA,overcast clouds,Iqaluit
127,41.1415,-73.3579,57.88,88,100,19.57,US,overcast clouds,Westport
128,68.0531,39.5131,46.26,92,100,13.15,RU,overcast clouds,Ostrovnoy
129,26.1903,107.5125,83.37,50,55,10.56,CN,broken clouds,Xiaoweizhai
130,57.79,-152.4072,51.31,87,100,20.71,US,moderate rain,Saint Paul Harbor
131,-28.783,32.0377,66.94,75,74,7.2,ZA,broken clouds,Richards Bay
132,26.3544,127.8686,86.0,72,40,11.5,JP,scattered clouds,Gushikawa
133,-17.3667,30.2,70.9,39,0,10.13,ZW,clear sky,Chinhoyi
134,16.9692,-88.2321,79.84,77,54,5.53,BZ,broken clouds,Stann Creek Town
135,-0.6,73.0833,82.53,71,97,17.78,MV,overcast clouds,Hithadhoo
136,71.9167,114.0833,26.31,96,100,8.41,RU,light snow,Saskylakh
137,22.8909,-109.9124,79.61,77,2,5.44,MX,clear sky,Cabo San Lucas
138,-14.2667,50.1667,71.46,70,100,7.9,MG,overcast clouds,Sambava
139,-23.4923,-58.7972,72.43,48,60,7.29,PY,broken clouds,Pozo Colorado
140,-5.3964,-40.3086,75.54,57,95,10.11,BR,overcast clouds,Independência
141,-0.8667,134.0833,84.51,67,100,8.08,ID,overcast clouds,Manokwari
142,43.3236,145.575,54.28,58,98,19.98,JP,overcast clouds,Nemuro
143,45.6333,85.1833,58.28,18,10,3.31,CN,clear sky,Baijiantan
144,65.6145,-37.6368,32.16,63,2,7.05,GL,clear sky,Tasiilaq
145,9.285,105.7244,82.87,80,99,16.62,VN,overcast clouds,Bac Lieu
146,-20.3428,57.7575,75.22,68,40,11.5,MU,scattered clouds,Bambous Virieux
147,50.8552,0.5729,63.28,88,97,22.73,GB,overcast clouds,Hastings
148,64.8945,-23.7142,41.85,85,100,30.8,IS,overcast clouds,Olafsvik
149,68.75,161.3,29.3,56,11,11.12,RU,few clouds,Cherskiy
150,-20.7833,117.1333,81.97,32,0,14.29,AU,clear sky,Roebourne
151,-29.9533,-71.3436,55.13,82,75,1.14,CL,broken clouds,Coquimbo
152,13.7796,124.39,85.01,75,97,6.64,PH,moderate rain,Gigmoto
153,60.8156,-115.7999,40.98,75,75,10.36,CA,broken clouds,Hay River
154,-19.5667,18.1167,68.41,17,0,7.94,NA,clear sky,Grootfontein
155,-20.3297,-40.2925,69.75,96,100,6.91,BR,moderate rain,Vila Velha
156,5.8933,95.3214,78.37,83,100,10.02,ID,overcast clouds,Sabang
157,11.2333,79.8333,86.45,62,98,5.86,IN,moderate rain,Tirumullaivāsal
158,-20.5167,57.5167,73.78,68,40,11.5,MU,scattered clouds,Souillac
159,-9.9133,-63.0408,74.39,86,81,1.07,BR,broken clouds,Ariquemes
160,69.4541,-133.0374,30.2,100,20,11.5,CA,few clouds,Tuktoyaktuk
161,64.5011,-165.4064,39.27,81,0,12.66,US,clear sky,Nome
162,40.2833,97.2,56.53,23,63,9.01,CN,broken clouds,Yumen
163,-23.1333,150.7333,76.78,63,98,13.35,AU,overcast clouds,Yeppoon
164,66.7697,123.3711,27.28,73,100,6.15,RU,overcast clouds,Zhigansk
165,32.2994,-9.2372,68.04,78,61,8.86,MA,broken clouds,Safi
166,-34.6177,-68.3301,56.25,63,100,18.99,AR,light rain,San Rafael
167,9.8601,-66.3814,70.81,97,90,3.56,VE,overcast clouds,Altagracia de Orituco
168,-17.3411,-39.2208,73.85,82,78,11.77,BR,broken clouds,Prado
169,47.8667,88.1167,50.11,20,0,3.8,CN,clear sky,Altay
170,60.3964,-1.353,51.71,75,100,14.34,GB,overcast clouds,Brae
171,59.2353,163.0719,45.43,93,100,2.01,RU,overcast clouds,Ossora
172,-20.2333,164.0167,74.62,59,34,7.52,NC,scattered clouds,Poum
173,65.7,82.4667,34.47,97,100,12.03,RU,overcast clouds,Krasnosel'kup
174,17.0151,54.0924,78.89,78,75,2.3,OM,broken clouds,Salalah
175,52.634,-1.6959,62.83,87,100,10.0,GB,overcast clouds,Tamworth
176,51.5877,-2.9984,63.34,85,100,23.87,GB,overcast clouds,Newport
177,59.5714,7.9877,42.76,94,92,2.1,NO,overcast clouds,Åmot
178,14.5333,20.9167,81.61,47,30,7.92,TD,scattered clouds,Biltine
179,-5.1989,-35.4608,74.46,82,71,11.56,BR,broken clouds,Touros
180,-0.7193,8.7815,76.91,82,84,8.3,GA,broken clouds,Port-Gentil
181,17.3333,42.6667,83.34,57,59,0.85,SA,broken clouds,Jizan
182,-28.4696,-65.7852,74.07,43,0,12.73,AR,clear sky,San Fernando del Valle de Catamarca
183,50.6789,156.125,45.32,74,98,22.3,RU,overcast clouds,Severo-Kuril'sk
184,41.1231,80.2644,63.32,22,0,1.61,CN,clear sky,Aksu
185,37.7333,-25.6667,71.51,88,20,3.44,PT,few clouds,Ponta Delgada
186,64.2539,-15.2082,44.83,69,62,9.44,IS,broken clouds,Hofn
187,46.7805,41.8968,55.51,78,100,5.3,RU,overcast clouds,Gundorovskiy
188,40.8257,-73.6982,57.61,86,100,14.0,US,light rain,Port Washington
189,5.4112,100.3354,84.88,81,20,9.22,MY,few clouds,George Town
190,34.1667,77.5833,46.67,44,2,4.94,IN,clear sky,Leh
191,38.9342,100.4517,57.4,31,90,12.53,CN,overcast clouds,Zhangye
192,-6.6024,147.8681,85.8,68,64,11.45,PG,light rain,Finschhafen
193,25.1072,117.0225,87.42,56,70,3.4,CN,broken clouds,Longyan
194,29.0731,31.0979,70.16,72,0,8.23,EG,clear sky,Beni Suef
195,45.5234,-122.6762,61.75,88,0,0.0,US,clear sky,Portland
196,60.34,102.2797,34.65,56,41,9.8,RU,scattered clouds,Vanavara
197,60.4667,166.1,44.1,97,100,18.5,RU,moderate rain,Tilichiki
198,34.6391,-120.4579,60.94,93,100,3.44,US,fog,Lompoc
199,-12.8378,28.0919,61.03,41,27,4.54,ZM,scattered clouds,Kalulushi
200,12.1973,-86.0971,78.82,94,40,0.0,NI,scattered clouds,Tipitapa
201,25.2867,51.5333,85.98,74,0,6.91,QA,haze,Doha
202,5.3505,48.5268,78.15,80,84,14.43,SO,broken clouds,Hobyo
203,65.5833,-171.0,35.64,76,8,7.52,RU,clear sky,Lavrentiya
204,36.7167,117.5,58.57,43,78,7.0,CN,broken clouds,Mingshui
205,55.8628,-5.4162,51.51,94,100,7.31,GB,overcast clouds,Tarbert
206,35.174,-2.9287,66.45,94,20,0.0,MA,few clouds,Nador
207,14.8961,-24.4956,78.06,78,82,0.29,CV,broken clouds,São Filipe
208,7.3706,7.6253,70.3,98,100,3.58,NG,overcast clouds,Ankpa
209,4.95,-6.0833,74.59,94,100,4.25,CI,light rain,Sassandra
210,-22.1333,48.0167,69.24,83,20,7.72,MG,few clouds,Manakara
211,29.0331,21.5482,70.05,58,0,5.06,LY,clear sky,Jalu
212,43.213,-8.691,59.76,93,4,4.38,ES,clear sky,Carballo
213,14.9333,-85.7,80.17,97,99,2.57,HN,overcast clouds,San José de Río Tinto
214,69.4865,88.3972,33.21,97,99,2.3,RU,overcast clouds,Talnakh
215,30.7951,106.0847,62.42,96,100,6.02,CN,overcast clouds,Nanchong
216,43.7501,-81.7165,44.92,93,8,2.3,CA,clear sky,Goderich
217,15.85,-97.0667,79.21,81,9,4.83,MX,clear sky,Puerto Escondido
218,-33.0422,-71.3733,54.77,93,75,3.44,CL,broken clouds,Villa Alemana
219,45.1667,10.7833,63.64,89,0,3.96,IT,clear sky,Province of Mantua
220,20.8947,-156.47,78.82,82,75,12.66,US,broken clouds,Kahului
221,33.194,-82.5271,55.54,71,0,5.95,US,clear sky,Avera
222,36.6177,-121.9166,62.24,91,20,11.99,US,few clouds,Pacific Grove
223,72.7868,-56.1549,19.83,77,92,5.06,GL,overcast clouds,Upernavik
224,60.7522,-137.5108,40.95,81,100,1.14,CA,overcast clouds,Haines Junction
225,51.965,59.8967,41.99,37,97,6.69,RU,overcast clouds,Krasnoyarskiy
226,40.8021,-124.1637,60.67,83,68,1.99,US,broken clouds,Eureka
227,7.9986,124.2928,80.74,69,63,5.32,PH,broken clouds,Marawi
228,-43.3002,-65.1023,60.73,45,75,19.77,AR,broken clouds,Rawson
229,32.6667,-17.1,71.71,67,76,4.25,PT,broken clouds,Ponta do Sol
230,-39.0333,-67.5833,57.61,41,69,11.65,AR,broken clouds,General Roca
231,45.9695,42.6966,58.8,77,100,4.79,RU,overcast clouds,Bolshaya Dzhalga
232,-16.4708,-54.6356,77.11,70,3,3.33,BR,clear sky,Rondonópolis
233,-30.7414,30.455,66.97,80,95,16.69,ZA,overcast clouds,Port Shepstone
234,-8.9266,125.4092,73.02,68,87,2.28,TL,overcast clouds,Airai
235,-1.195,-46.02,76.44,80,32,5.59,BR,scattered clouds,Carutapera
236,58.6031,125.3894,24.71,88,100,15.28,RU,light snow,Aldan
237,-31.4707,19.776,46.72,57,0,3.33,ZA,clear sky,Calvinia
238,-18.95,-57.8,79.25,55,11,3.6,BO,few clouds,Puerto Suárez
239,-18.0607,13.84,64.38,41,0,1.68,NA,clear sky,Opuwo
240,-7.9058,39.2105,74.14,81,82,1.68,TZ,broken clouds,Mbumi
241,49.0333,104.0833,36.28,27,1,5.14,MN,clear sky,Erdenet
242,-33.8667,121.9,64.51,67,68,17.63,AU,broken clouds,Esperance
243,51.5313,20.0086,47.55,10,96,8.12,PL,overcast clouds,Tomaszów Mazowiecki
244,63.3667,47.9167,46.74,96,100,6.04,RU,overcast clouds,Blagoyevo
245,-24.7911,-50.0119,57.56,92,47,7.49,BR,scattered clouds,Castro
246,-6.9811,-34.8339,74.07,79,65,9.17,BR,broken clouds,Cabedelo
247,-16.7833,-151.5,77.92,72,38,25.39,PF,scattered clouds,Tevaitoa
248,3.3,117.6333,83.7,74,75,5.75,ID,light rain,Tarakan
249,35.1333,140.3,70.12,86,100,21.94,JP,light rain,Katsuura
250,-22.116,14.2845,53.49,94,20,9.55,NA,few clouds,Henties Bay
251,46.1667,1.8667,49.05,82,2,4.23,FR,clear sky,Guéret
252,35.7333,140.8333,68.4,86,100,24.92,JP,overcast clouds,Hasaki
253,28.017,-97.5169,75.85,61,8,6.58,US,clear sky,San Patricio
254,52.4926,82.7822,39.99,53,91,7.34,RU,overcast clouds,Aleysk
255,-28.7667,114.6,68.41,60,100,12.66,AU,overcast clouds,Geraldton
256,55.7435,-97.8558,41.16,81,75,0.0,CA,broken clouds,Thompson
257,-3.432,10.6554,75.09,86,100,5.53,GA,light rain,Mayumba
258,33.6103,-114.5964,86.45,26,0,6.91,US,clear sky,Blythe
259,60.9167,-46.05,37.62,100,100,6.04,GL,light rain,Narsaq
260,6.8662,101.3689,86.63,63,77,4.88,TH,broken clouds,Yaring
261,58.3902,45.4654,46.4,94,99,8.88,RU,overcast clouds,Vetluzhskiy
262,50.2834,-107.8014,65.21,45,0,5.75,CA,clear sky,Swift Current
263,65.441,52.1498,42.75,98,100,3.56,RU,overcast clouds,Ust-Tsilma
264,61.2767,108.0108,33.03,57,100,11.7,RU,overcast clouds,Yerbogachën
265,31.61,34.7642,75.4,100,0,2.01,IL,clear sky,Kiryat Gat
266,29.2747,82.1838,67.5,59,48,3.29,NP,scattered clouds,Jumla
267,47.6666,-52.7314,49.26,90,0,16.11,CA,clear sky,Torbay
268,-10.4389,-62.4664,75.2,82,25,1.54,BR,scattered clouds,Jaru
269,59.5336,33.9167,41.27,95,99,3.06,RU,overcast clouds,Senno
270,57.8642,47.1171,44.67,92,100,9.84,RU,overcast clouds,Pizhma
271,59.4307,62.3497,45.37,70,99,4.38,RU,overcast clouds,Gari
272,-22.4,46.1167,68.0,66,0,4.94,MG,clear sky,Ihosy
273,66.0449,-17.3389,39.81,98,100,18.77,IS,overcast clouds,Husavik
274,-19.55,169.2667,76.51,62,26,12.57,VU,scattered clouds,Isangel
275,-10.4,40.3333,74.93,77,60,5.61,TZ,broken clouds,Madimba
276,41.2668,-73.3162,56.64,87,100,19.57,US,overcast clouds,Fairfield
277,53.3808,142.9564,37.18,61,79,21.88,RU,light rain,Tungor
278,0.5412,123.0595,86.07,72,92,2.59,ID,overcast clouds,Gorontalo
279,35.0,134.55,73.35,72,100,8.39,JP,light rain,Yamazakichō-nakabirose
280,68.0546,166.4372,25.16,68,74,5.28,RU,broken clouds,Bilibino
281,9.9347,106.3453,86.2,70,99,13.94,VN,overcast clouds,Tra Vinh
282,-23.865,35.3833,69.78,94,40,0.0,MZ,mist,Inhambane
283,33.6671,-93.5916,66.25,53,0,4.92,US,clear sky,Hope
284,6.5423,21.9863,69.21,97,94,1.86,CF,overcast clouds,Bria
285,11.2529,-85.8705,78.85,83,100,10.94,NI,overcast clouds,San Juan del Sur
286,-34.0527,23.3716,52.84,82,1,4.18,ZA,clear sky,Plettenberg Bay
287,-2.2333,-80.9,67.89,84,96,12.44,EC,overcast clouds,La Libertad
288,66.1451,-65.7125,32.99,69,99,4.72,CA,overcast clouds,Pangnirtung
289,4.4148,114.0089,84.34,79,40,8.05,MY,scattered clouds,Marabu
290,5.3833,-52.95,77.58,88,8,7.9,GF,clear sky,Sinnamary
291,-8.8368,13.2343,73.4,88,100,5.75,AO,light intensity drizzle,Luanda
292,-4.9667,39.8333,75.15,84,25,8.3,TZ,scattered clouds,Micheweni
293,31.3525,27.2453,73.89,66,71,12.57,EG,broken clouds,Marsá Maţrūḩ
294,-35.1667,173.1667,57.56,82,100,15.52,NZ,overcast clouds,Ahipara
295,-20.0064,57.6608,75.38,65,90,8.99,MU,overcast clouds,Grand Gaube
296,28.0167,73.3,90.54,24,5,9.28,IN,clear sky,Bikaner
297,27.0531,-82.4243,69.98,84,14,15.43,US,few clouds,South Venice
298,46.4154,3.9054,45.84,100,100,2.3,FR,fog,Saint-François
299,11.0333,-63.8628,80.33,89,84,3.44,VE,broken clouds,La Asuncion
300,53.9606,105.8817,36.73,47,31,1.79,RU,scattered clouds,Kachug
301,57.1281,73.8282,48.6,90,100,4.05,RU,overcast clouds,Znamenskoye
302,-0.95,-80.7333,71.38,88,0,6.91,EC,clear sky,Manta
303,69.7008,170.3133,27.88,70,76,4.83,RU,broken clouds,Pevek
304,54.6316,72.3963,48.16,67,62,11.39,RU,broken clouds,Sherbakul'
305,26.0,92.8667,78.82,91,96,4.65,IN,overcast clouds,Hojāi
306,-34.0033,24.7314,53.89,89,5,5.84,ZA,clear sky,Kruisfontein
307,22.2855,114.1577,91.96,71,50,8.99,HK,scattered clouds,Hong Kong
308,-6.2167,155.6333,85.14,67,81,6.42,PG,light rain,Kieta
309,13.5928,-89.8275,78.22,81,57,3.83,SV,broken clouds,Acajutla
310,9.5167,-79.0333,80.35,83,100,7.02,PA,overcast clouds,Tubualá
311,-35.3378,143.5544,55.36,95,100,22.19,AU,moderate rain,Swan Hill
312,14.9215,-23.5087,75.74,88,20,4.61,CV,few clouds,Praia
313,38.4953,102.1739,49.6,54,100,4.36,CN,overcast clouds,Jinchang
314,52.6333,126.75,39.7,34,91,15.57,RU,overcast clouds,Sivaki
315,28.2211,61.2158,73.54,15,0,3.98,IR,clear sky,Khāsh
316,-11.0964,-77.6139,60.28,83,33,9.66,PE,scattered clouds,Hualmay
317,7.6947,126.5503,83.39,75,100,6.17,PH,overcast clouds,Kinablangan
318,-6.3264,108.32,85.15,62,97,3.56,ID,overcast clouds,Indramayu
319,-11.2061,13.8437,71.69,89,84,6.11,AO,broken clouds,Sumbe
320,28.6585,-17.9182,73.15,41,0,8.05,ES,clear sky,Los Llanos de Aridane
321,55.1001,-105.2842,53.85,58,20,10.36,CA,smoke,La Ronge
322,64.8989,45.7622,41.58,98,100,4.94,RU,overcast clouds,Leshukonskoye
323,-16.5,-68.15,37.38,60,20,0.0,BO,few clouds,La Paz
324,-45.4167,167.7167,34.81,81,76,11.34,NZ,light snow,Te Anau
325,6.3005,-10.7969,76.77,90,100,2.42,LR,moderate rain,Monrovia
326,50.6996,-127.4199,55.58,94,100,0.0,CA,overcast clouds,Port Hardy
327,61.3833,152.75,18.82,94,100,8.72,RU,snow,Talaya
328,19.35,-90.7167,76.23,76,67,8.21,MX,broken clouds,Champotón
329,63.1115,7.732,45.25,81,42,2.3,NO,scattered clouds,Kristiansund
330,37.4636,-122.4286,63.91,86,100,16.11,US,overcast clouds,Half Moon Bay
331,-31.95,141.4333,80.51,29,4,20.38,AU,clear sky,Broken Hill
332,-46.1333,167.6833,36.12,75,100,20.09,NZ,light rain,Tuatapere
333,52.7255,58.8937,40.42,47,99,6.53,RU,overcast clouds,Kizilskoye
334,4.8699,-2.2405,75.04,93,78,4.72,GH,broken clouds,Esim
335,-7.9386,110.2506,82.89,68,100,10.42,ID,overcast clouds,Srandakan
336,34.1167,133.65,70.56,87,100,10.56,JP,overcast clouds,Kan’onjichō
337,-25.2406,130.9889,81.79,24,0,8.93,AU,clear sky,Yulara
338,-15.6467,-56.1325,82.27,65,40,9.22,BR,scattered clouds,Várzea Grande
339,44.0241,12.5186,64.62,96,0,1.14,IT,clear sky,Provincia di Rimini
340,35.7454,-81.6848,53.67,72,0,1.99,US,clear sky,Morganton
341,59.9156,5.781,50.56,92,99,3.78,NO,light rain,Hellvik
342,67.8006,130.4114,21.04,72,96,1.83,RU,overcast clouds,Batagay-Alyta
343,58.5667,5.7,54.97,91,100,9.57,NO,light rain,Vigrestad
344,40.5982,-124.1573,58.93,82,66,1.99,US,broken clouds,Fortuna
345,20.65,-98.6,56.95,96,100,1.43,MX,overcast clouds,Zacualtipán
346,23.3833,-105.3833,52.23,95,18,4.29,MX,few clouds,Pueblo Nuevo
347,-9.1061,124.8925,84.58,62,92,2.98,ID,overcast clouds,Atambua
348,53.88,67.4158,48.43,29,19,9.37,KZ,few clouds,Sergeevka
349,8.5711,81.2335,85.23,66,100,13.82,LK,overcast clouds,Trincomalee
350,63.8424,-22.4338,43.27,81,75,34.52,IS,light intensity drizzle,Grindavik
351,49.7834,-74.8492,49.78,99,100,2.48,CA,overcast clouds,Chapais
352,26.5851,101.7128,82.06,59,31,3.31,CN,scattered clouds,Panzhihua
353,5.7947,0.8973,77.11,89,82,10.54,GH,broken clouds,Anloga
354,-18.7667,46.0333,72.28,46,0,1.83,MG,clear sky,Tsiroanomandidy
355,-33.0117,17.9442,42.85,72,63,7.67,ZA,broken clouds,Saldanha
356,52.4675,96.11,37.02,43,8,1.34,RU,clear sky,Toora-Khem
357,55.219,75.9828,45.88,77,100,6.49,RU,overcast clouds,Tatarsk
358,-14.0931,-46.3694,74.8,53,77,4.34,BR,broken clouds,Posse
359,-9.5402,16.341,64.24,93,99,3.6,AO,overcast clouds,Malanje
360,10.1869,-74.5753,76.87,94,100,4.94,CO,overcast clouds,Algarrobo
361,42.8,93.45,59.94,40,96,5.14,CN,overcast clouds,Kumul
362,46.4333,26.4,45.52,89,9,5.01,RO,clear sky,Asău
363,11.6667,92.75,84.24,79,75,5.75,IN,broken clouds,Port Blair
364,35.2442,129.2139,73.13,76,100,11.36,KR,overcast clouds,Gijang
365,-23.65,-70.4,58.28,84,36,6.93,CL,scattered clouds,Antofagasta
366,-28.65,153.6167,70.72,54,100,7.49,AU,overcast clouds,Byron Bay
367,-2.0833,101.3833,70.21,79,100,2.55,ID,overcast clouds,Sungai Penuh
368,53.6039,91.3903,37.85,64,0,4.47,RU,clear sky,Belyy Yar
369,-17.8,-63.1667,74.66,83,33,8.05,BO,scattered clouds,Santa Cruz de la Sierra
370,48.3833,-4.6167,61.12,85,100,19.57,FR,overcast clouds,Plouzané
371,52.6333,29.7333,41.83,97,71,10.31,BY,broken clouds,Forsytheganj
372,7.9745,123.7458,89.64,57,49,7.16,PH,scattered clouds,Lala
373,53.5739,142.9478,37.53,57,97,23.96,RU,light rain,Okha
374,52.7834,-111.8518,46.35,71,90,6.91,CA,overcast clouds,Killam
375,-33.0153,27.9116,61.74,82,0,6.91,ZA,clear sky,East London
376,-10.4544,161.9205,81.68,78,32,7.23,SB,scattered clouds,Kirakira
377,70.3705,31.1107,42.78,87,100,5.75,NO,overcast clouds,Vardø
378,37.6775,-113.0619,59.4,58,0,0.0,US,clear sky,Cedar City
379,30.3333,10.85,66.92,59,24,10.69,LY,few clouds,Nālūt
380,-25.2986,152.8535,74.01,52,100,5.99,AU,overcast clouds,Hervey Bay
381,21.4612,-71.1419,82.09,78,99,6.13,TC,overcast clouds,Cockburn Town
382,-20.4667,22.7167,72.63,18,0,5.7,BW,clear sky,Sehithwa
383,-3.8004,102.2655,82.56,69,100,8.23,ID,overcast clouds,Bengkulu
384,-23.3428,-57.0597,72.16,60,18,5.7,PY,few clouds,Horqueta
385,22.6667,106.25,89.26,54,22,2.73,VN,few clouds,Cao Bang
386,-8.7623,31.1141,77.77,35,94,5.95,ZM,overcast clouds,Mpulungu
387,-5.3833,27.0,72.86,78,77,1.74,CD,broken clouds,Kongolo
388,-0.3167,102.35,74.7,97,100,1.99,ID,heavy intensity rain,Japura
389,62.7191,32.727,44.56,99,86,3.09,RU,overcast clouds,Porosozero
390,3.8,10.1333,72.7,98,100,0.56,CM,overcast clouds,Edéa
391,39.1834,-84.5333,54.45,75,0,0.0,US,clear sky,Hamilton
392,45.2333,147.8833,51.91,59,82,16.33,RU,broken clouds,Kuril'sk
393,-1.5746,9.2618,74.75,86,87,5.23,GA,overcast clouds,Omboué
394,43.801,87.6005,50.95,32,0,4.47,CN,clear sky,Ürümqi
395,52.6482,19.0678,49.23,86,100,9.53,PL,overcast clouds,Włocławek
396,33.0833,-16.3333,67.42,78,20,11.5,PT,few clouds,Camacha
397,-6.1333,24.4833,69.8,80,91,3.85,CD,overcast clouds,Kabinda
398,-35.3333,-72.4167,48.33,89,17,6.31,CL,few clouds,Constitución
399,-9.8607,124.284,79.52,65,76,6.15,ID,broken clouds,Soe
400,-15.4311,-74.6158,62.91,66,35,3.18,PE,scattered clouds,Acarí
401,25.7,100.1833,70.83,68,94,5.32,CN,overcast clouds,Dali
402,63.05,179.3167,40.19,96,99,20.38,RU,light rain,Beringovskiy
403,50.4668,-104.4178,49.73,70,20,9.22,CA,few clouds,Pilot Butte
404,27.0837,-80.4164,73.98,94,20,1.01,US,few clouds,Martin
405,6.15,73.2667,81.34,78,100,16.31,MV,overcast clouds,Funadhoo
406,-8.345,113.6058,82.76,71,89,9.01,ID,overcast clouds,Ambulu
407,9.0167,37.45,55.2,89,88,2.1,ET,light rain,Gēdo
408,-15.9653,-54.9683,75.02,69,18,3.02,BR,few clouds,Jaciara
409,-35.35,150.4667,56.3,81,100,13.22,AU,light rain,Ulladulla
410,-0.1303,-67.0892,75.27,81,69,1.77,BR,broken clouds,São Gabriel da Cachoeira
411,31.4451,12.9801,61.5,89,0,5.82,LY,clear sky,Mizdah
412,11.472,49.8728,86.76,59,50,5.7,SO,scattered clouds,Qandala
413,-23.7,133.8833,88.21,40,40,11.5,AU,scattered clouds,Alice Springs
414,12.1791,125.5072,85.03,71,100,6.96,PH,light rain,San Policarpo
415,-17.9333,19.7667,68.94,20,0,4.32,NA,clear sky,Rundu
416,-6.4006,-48.555,77.85,55,25,3.24,BR,scattered clouds,São Geraldo do Araguaia
417,64.8569,-147.8028,46.98,66,75,0.0,US,broken clouds,College
418,18.0387,-88.6622,71.6,95,51,2.42,BZ,broken clouds,San Lazaro
419,68.2191,-135.0107,25.77,94,6,6.89,CA,clear sky,Aklavik
420,46.8333,40.75,55.35,59,100,6.26,RU,overcast clouds,Rassvet
421,-16.9167,145.7667,88.07,63,100,12.66,AU,overcast clouds,Cairns
422,56.9514,90.6661,35.29,95,100,11.12,RU,snow,Novobirilyussy
423,5.9485,80.5353,83.73,70,97,15.64,LK,overcast clouds,Matara
424,-41.2866,174.7756,47.86,85,100,18.41,NZ,overcast clouds,Wellington
425,62.8551,42.7072,46.11,94,91,7.78,RU,overcast clouds,Dvinskoy Bereznik
426,-25.1667,45.05,76.33,59,6,3.42,MG,clear sky,Beloha
427,3.1667,113.0333,84.61,79,40,4.61,MY,scattered clouds,Bintulu
428,29.5581,34.9482,78.64,69,0,6.91,IL,clear sky,Eilat
429,25.2142,50.8072,87.22,58,0,8.46,QA,clear sky,Umm Bāb
430,-6.4167,20.8,71.22,90,34,1.48,CD,scattered clouds,Tshikapa
431,13.5691,33.5672,79.95,68,28,9.91,SD,scattered clouds,Sennar
432,31.6128,55.4107,82.8,14,0,3.13,IR,clear sky,Bāfq
433,65.4167,-52.9,35.19,50,70,5.3,GL,broken clouds,Maniitsoq
434,-1.6792,29.2228,65.21,79,89,2.86,CD,overcast clouds,Goma
435,14.35,121.0167,91.31,66,75,5.75,PH,broken clouds,City of San Pedro
436,32.5186,112.3522,45.97,91,100,12.8,CN,moderate rain,Hancheng
437,9.5334,31.6605,72.91,92,87,0.13,SS,overcast clouds,Malakal
438,8.4596,25.678,68.76,94,56,2.24,SS,broken clouds,Raja
439,47.4667,84.8667,52.41,17,0,5.82,KZ,clear sky,Zaysan
440,18.6411,72.8792,86.07,77,63,9.06,IN,broken clouds,Alibag
441,10.1964,-71.3082,78.37,85,99,2.84,VE,overcast clouds,Ciudad Ojeda
442,56.1667,91.8167,39.87,55,100,10.42,RU,overcast clouds,Kedrovyy
443,37.5736,44.2872,37.15,60,0,3.44,TR,clear sky,Yüksekova
444,58.8053,-122.7002,40.59,81,75,5.75,CA,broken clouds,Fort Nelson
445,42.0304,-8.1588,47.28,53,0,3.02,PT,clear sky,Vila
446,-34.4833,-54.3333,48.24,91,0,3.91,UY,clear sky,Rocha
447,39.0843,66.8332,73.2,18,0,4.5,UZ,clear sky,Kitob
448,62.5833,6.1333,52.32,71,0,10.36,NO,clear sky,Roald
449,-15.1961,12.1522,64.71,88,80,2.95,AO,broken clouds,Mossamedes
450,41.3,-96.167,67.59,68,100,0.0,US,overcast clouds,Douglas
451,21.3469,-158.0858,79.12,73,75,11.5,US,broken clouds,Makakilo City
452,70.4692,-68.5914,25.03,86,100,19.57,CA,light snow,Clyde River
453,-18.5067,-54.76,78.93,63,0,3.2,BR,clear sky,Coxim
454,17.5167,-101.2667,75.78,93,40,3.11,MX,scattered clouds,Petatlán
455,-15.2261,-59.3353,73.17,81,24,2.15,BR,few clouds,Pontes e Lacerda
456,61.67,96.37,34.36,89,100,7.25,RU,light snow,Baykit
457,34.7668,-92.3001,63.07,60,0,0.0,US,clear sky,Pulaski
458,38.6979,-9.4215,70.95,100,0,1.99,PT,clear sky,Cascais
459,13.5167,35.7667,73.53,85,4,7.14,SD,clear sky,Doka
460,-3.5534,143.6268,85.03,69,99,8.14,PG,overcast clouds,Wewak
461,-39.8142,-73.2459,44.69,99,33,0.96,CL,scattered clouds,Valdivia
462,48.6499,-53.1147,49.26,77,1,18.25,CA,clear sky,Bonavista
463,37.3394,-121.895,65.08,82,0,6.91,US,clear sky,San Jose
464,-4.5772,-81.2719,63.3,81,75,16.71,PE,broken clouds,Talara
465,57.0531,-135.33,60.69,59,100,10.36,US,overcast clouds,Sitka
466,-24.7,44.75,76.84,52,33,4.99,MG,scattered clouds,Ampanihy
467,68.1214,13.5031,49.89,93,75,8.05,NO,broken clouds,Gravdal
468,-14.8031,36.5372,75.52,45,7,6.76,MZ,clear sky,Cuamba
469,-2.7619,-42.2744,77.95,78,18,13.4,BR,few clouds,Tutóia
470,-9.4431,147.1797,89.02,62,40,17.27,PG,haze,Port Moresby
471,54.4299,31.8996,42.66,93,95,9.86,RU,overcast clouds,Sobolevo
472,46.6806,113.2792,39.06,30,2,6.17,MN,clear sky,Baruun-Urt
473,-13.7975,-47.4583,72.43,56,43,3.49,BR,scattered clouds,Cavalcante
474,-31.4333,152.9167,62.89,59,100,9.55,AU,light rain,Port Macquarie
475,-13.8483,136.4192,85.23,66,22,10.76,AU,few clouds,Alyangula
476,-12.7406,-60.1458,69.46,86,21,3.87,BR,few clouds,Vilhena
477,49.9811,92.0667,43.29,28,0,4.54,MN,clear sky,Ulaangom
478,-9.8756,-56.0861,71.67,87,58,2.46,BR,broken clouds,Alta Floresta
479,5.4444,73.3657,81.59,77,100,17.36,MV,overcast clouds,Naifaru
480,51.0239,45.6969,53.37,88,99,7.92,RU,overcast clouds,Krasnoarmeysk
481,46.95,128.8833,41.4,30,99,10.6,CN,overcast clouds,Langxiang
482,62.0989,126.6992,31.48,54,100,12.06,RU,overcast clouds,Berdigestyakh
483,62.1564,-7.1664,47.32,87,100,20.71,FO,light rain,Vestmanna
484,53.5334,-113.9187,56.71,54,75,0.0,CA,broken clouds,Spruce Grove
485,46.6166,10.7002,55.33,51,40,1.34,IT,scattered clouds,Laas
486,-0.9,-89.6,67.12,88,49,11.95,EC,scattered clouds,Puerto Baquerizo Moreno
487,48.0056,91.6419,42.57,22,0,3.78,MN,clear sky,Khovd
488,45.6169,-61.3485,51.58,97,0,3.44,CA,mist,Port Hawkesbury
489,32.45,130.2,77.56,65,85,5.12,JP,overcast clouds,Hondomachi-hondo
490,25.8333,72.2333,91.94,30,0,6.76,IN,clear sky,Balotra
491,4.9333,-52.3333,73.44,94,0,0.0,GF,clear sky,Cayenne
492,34.6667,138.95,73.76,90,94,15.59,JP,overcast clouds,Shimoda
493,47.5001,-120.5015,68.58,50,100,4.65,US,overcast clouds,Washington
494,58.484,43.4088,46.24,94,100,8.61,RU,moderate rain,Parfen'yevo
495,32.6881,128.8419,73.76,68,75,13.8,JP,broken clouds,Fukuechō
496,43.6167,27.1167,50.13,72,99,4.68,BG,overcast clouds,Kaolinovo
497,-45.8742,170.5036,35.6,84,92,25.84,NZ,overcast clouds,Dunedin
498,44.0306,145.8556,52.88,64,73,17.74,RU,broken clouds,Yuzhno-Kurilsk
499,-26.6167,-54.1333,53.82,92,0,2.62,AR,clear sky,San Vicente
500,-15.8656,-56.0767,82.78,61,27,5.46,BR,scattered clouds,Santo Antônio do Leverger
501,34.8791,-76.9013,58.95,88,8,4.21,US,clear sky,Havelock
502,34.8014,-106.5436,60.28,79,100,1.48,US,overcast clouds,Meadow Lake
503,56.0045,8.1294,60.1,93,100,23.73,DK,overcast clouds,Hvide Sande
504,41.72,46.2647,64.44,50,0,1.81,AZ,clear sky,Qabaqçöl
505,56.1201,101.1636,36.99,53,61,4.56,RU,broken clouds,Vikhorevka
506,-37.8333,140.7667,53.58,97,100,11.81,AU,light rain,Mount Gambier
507,45.4094,141.6739,46.38,76,75,20.71,JP,broken clouds,Wakkanai
508,33.7333,135.9833,75.56,81,92,0.76,JP,light rain,Shingū
509,18.9048,-3.5265,89.06,13,1,5.64,ML,clear sky,Araouane
510,26.4667,80.35,76.66,89,100,9.06,IN,overcast clouds,Kanpur
511,-0.8833,131.25,82.36,76,80,2.64,ID,broken clouds,Sorong
512,52.4201,136.4853,42.51,27,71,13.06,RU,broken clouds,Imeni Poliny Osipenko
513,46.7001,-75.4493,48.43,76,43,2.17,CA,scattered clouds,Ferme-Neuve
514,8.25,100.0,87.03,63,96,6.78,TH,overcast clouds,Nakhon Si Thammarat
515,5.5577,95.3222,80.73,80,99,9.28,ID,overcast clouds,Banda Aceh
516,20.15,92.9,85.93,68,50,2.53,MM,moderate rain,Sittwe
517,55.9575,92.5519,42.22,48,100,9.82,RU,overcast clouds,Ovsyanka
518,10.9409,-14.2967,74.28,99,66,2.82,GN,broken clouds,Boké
519,32.7701,-108.2803,57.16,74,100,9.22,US,overcast clouds,Silver City
520,61.994,-49.6678,38.89,95,100,19.98,GL,light rain,Paamiut
521,4.1363,96.1285,74.88,94,100,4.74,ID,overcast clouds,Meulaboh
522,31.4167,130.3167,78.64,71,42,15.17,JP,scattered clouds,Kaseda-shirakame
523,63.1792,14.6357,48.65,100,75,18.41,SE,light intensity drizzle,Östersund
524,42.4833,-90.8668,55.85,62,0,5.75,US,clear sky,Dubuque
525,70.8578,29.0864,42.8,87,100,3.44,NO,overcast clouds,Berlevåg
526,40.925,-98.342,59.02,88,0,6.91,US,clear sky,Grand Island
527,-25.85,25.6333,69.76,40,0,12.66,ZA,clear sky,Mmabatho
528,10.5,10.0,71.19,89,85,1.86,NG,overcast clouds,Bauchi
529,-1.8333,-65.3667,75.31,75,82,0.98,BR,broken clouds,Maraã
530,45.7625,106.2708,41.05,19,85,5.77,MN,overcast clouds,Mandalgovi
531,-41.8697,-73.8203,46.26,92,17,5.59,CL,few clouds,Ancud
532,-3.2997,-60.6206,78.26,69,96,3.62,BR,overcast clouds,Manacapuru
533,-25.7751,29.4648,65.82,69,1,3.31,ZA,clear sky,Middelburg
534,69.3143,16.1194,48.18,87,75,11.5,NO,light intensity drizzle,Andenes
535,60.7333,77.5889,42.26,75,79,10.16,RU,broken clouds,Strezhevoy
536,63.4427,-20.2734,41.74,75,97,39.12,IS,overcast clouds,Vestmannaeyjar
537,-34.6833,150.8667,60.39,84,100,11.99,AU,light rain,Kiama
538,-38.9516,-68.0591,55.29,50,0,4.61,AR,clear sky,Neuquén
539,25.2088,64.6357,79.95,81,0,7.9,PK,clear sky,Ormara
540,22.2667,-101.9667,60.39,73,67,4.21,MX,broken clouds,Loreto
541,42.7762,-9.0603,56.08,95,4,5.26,ES,clear sky,Muros
542,-12.48,-49.1247,83.59,30,50,2.37,BR,scattered clouds,Alvorada
543,13.9268,-84.4032,72.21,99,100,2.57,NI,overcast clouds,Rosita
544,23.1667,-97.95,71.47,80,51,1.74,MX,broken clouds,Nuevo Progreso
545,63.2842,118.3319,30.61,92,100,9.84,RU,light snow,Nyurba
546,-26.4731,-49.0028,61.92,99,100,0.83,BR,overcast clouds,Guaramirim
547,39.6478,-104.9878,58.33,77,75,3.44,US,broken clouds,Englewood
548,20.7,-105.2,74.23,100,100,8.05,MX,overcast clouds,Ixtapa
549,37.5683,126.9778,67.57,50,75,5.75,KR,broken clouds,Seoul
550,38.0964,-3.7779,71.17,37,2,2.82,ES,clear sky,Bailén
551,31.2089,16.5887,73.87,62,2,10.36,LY,clear sky,Sirte
552,64.75,177.4833,36.1,93,75,17.9,RU,light rain,Anadyr
553,10.9995,122.6711,88.14,66,96,10.42,PH,overcast clouds,Dingle
554,-2.6741,141.3028,86.29,68,97,10.85,PG,overcast clouds,Vanimo
555,1.3292,172.9752,86.0,66,20,11.5,KI,few clouds,Bairiki Village
556,-31.4241,-64.4978,60.08,55,15,3.0,AR,few clouds,Villa Carlos Paz
557,-12.9025,45.0761,76.98,77,32,5.3,YT,light rain,Boueni
558,-45.5752,-72.0662,46.35,71,75,2.3,CL,broken clouds,Coyhaique
559,-6.2132,155.5367,84.7,70,89,5.17,PG,light rain,Arawa
560,11.5221,13.6856,76.08,74,98,6.13,NG,overcast clouds,Bama
561,19.75,10.25,79.41,24,0,12.88,NE,clear sky,Agadez
562,54.0103,103.0544,38.43,56,99,4.9,RU,overcast clouds,Balagansk
563,3.4594,-73.6128,71.13,93,34,4.41,CO,scattered clouds,Fuente de Oro
564,53.9353,139.9242,29.89,67,83,19.6,RU,light snow,Mnogovershinnyy
565,50.1001,-91.917,53.67,100,75,4.61,CA,broken clouds,Sioux Lookout
566,10.5669,72.642,81.46,77,72,13.24,IN,broken clouds,Kavaratti
567,4.9608,18.7035,69.53,96,100,2.37,CF,overcast clouds,Damara
568,9.45,-5.6333,71.1,89,98,2.84,CI,overcast clouds,Korhogo
569,-34.3759,-55.2377,46.62,92,1,7.36,UY,clear sky,Minas
570,45.8596,17.9841,47.52,78,33,2.75,HU,scattered clouds,Vajszló
571,-7.8447,-79.1469,57.74,85,41,6.82,PE,scattered clouds,Chicama
572,56.45,138.1667,35.15,46,98,22.66,RU,overcast clouds,Ayan
573,43.3665,-124.2179,58.32,94,100,3.44,US,overcast clouds,Coos Bay
574,-9.4333,159.95,86.14,53,57,8.5,SB,broken clouds,Honiara
575,-22.9575,14.5053,54.09,93,0,9.22,NA,clear sky,Walvis Bay
576,38.8876,-76.5119,52.99,95,100,7.0,US,overcast clouds,Mayo
577,-5.2386,-79.4506,57.54,88,98,2.53,PE,overcast clouds,Huancabamba
578,5.0314,25.1361,68.76,91,100,0.36,CF,overcast clouds,Zemio
579,18.4616,-69.2972,78.93,92,86,7.05,DO,overcast clouds,San Pedro de Macorís
580,-5.1206,-60.3797,75.52,74,43,2.17,BR,scattered clouds,Novo Aripuanã
581,36.4337,-99.3904,67.96,52,75,0.0,US,broken clouds,Woodward
582,58.9564,126.2925,31.23,73,100,13.33,RU,light snow,Tommot
583,68.3499,-133.7218,33.01,96,100,13.8,CA,light intensity drizzle,Inuvik
584,50.0,88.6667,38.41,23,5,1.61,RU,clear sky,Kosh-Agach
585,46.3333,27.9667,54.3,59,93,3.62,RO,overcast clouds,Găgeşti
586,33.4353,-112.3582,84.76,39,40,11.5,US,scattered clouds,Goodyear
587,56.7938,105.7672,36.59,49,58,4.21,RU,broken clouds,Ust'-Kut
588,49.6835,-83.6665,55.65,98,100,4.38,CA,light rain,Hearst
589,31.4044,30.4164,76.57,64,12,9.66,EG,few clouds,Rosetta
590,-18.4,47.8667,66.96,32,0,4.97,MG,clear sky,Anjozorobe
591,3.0372,29.5355,65.16,98,94,1.68,CD,light rain,Watsa
592,42.2506,-75.833,50.41,91,75,5.75,US,light rain,Broome
593,29.452,55.6814,76.89,13,2,5.17,IR,clear sky,Sīrjān
594,9.929,123.9146,87.82,71,100,7.58,PH,light rain,Abucayan
595,33.5835,-81.5998,61.11,75,75,6.91,US,broken clouds,Aiken
596,9.3167,41.45,60.04,69,95,2.15,ET,overcast clouds,Deder
597,14.9215,-23.5087,75.74,88,20,4.61,CV,few clouds,Praia
598,49.0,-1.1667,55.85,93,70,11.39,FR,broken clouds,Manche
599,40.8389,31.1639,55.33,88,59,0.29,TR,broken clouds,Düzce
600,60.8697,60.4153,47.64,65,86,3.27,RU,overcast clouds,Polunochnoye
601,36.2831,116.4453,59.31,38,99,4.81,CN,overcast clouds,Pingyin
602,-37.8811,147.981,59.16,61,100,19.39,AU,light rain,Lakes Entrance
603,37.5333,121.4,55.98,50,22,19.86,CN,few clouds,Yantai
604,38.7398,-0.4398,63.59,95,92,3.58,ES,overcast clouds,Cocentaina
605,28.419,30.7792,71.91,67,0,11.1,EG,clear sky,Maţāy
606,18.2833,95.3167,87.4,70,70,1.43,MM,broken clouds,Myanaung
607,-13.6202,29.3939,71.47,30,4,7.92,ZM,clear sky,Mkushi
608,31.7093,-98.9912,70.92,40,6,8.86,US,clear sky,Brownwood
609,55.1009,14.7066,57.11,88,75,11.5,DK,broken clouds,Rønne
610,50.0622,-96.5167,56.97,67,49,3.76,CA,scattered clouds,Beausejour
611,-36.777,-59.8585,47.7,88,79,8.55,AR,broken clouds,Azul
612,-17.0,145.4333,82.44,64,92,9.17,AU,overcast clouds,Mareeba
613,27.9378,-82.2859,69.87,85,0,5.99,US,clear sky,Brandon
614,56.122,12.3106,56.95,85,100,1.99,DK,overcast clouds,Gilleleje
615,57.6267,92.2658,36.48,79,100,9.35,RU,light rain,Pirovskoye
616,25.6272,88.6386,84.72,72,91,4.61,BD,overcast clouds,Dinājpur
617,56.3572,41.3192,47.32,89,100,8.19,RU,overcast clouds,Kovrov
618,58.249,52.1026,43.5,84,100,13.18,RU,overcast clouds,Yar
619,-2.4683,28.8242,65.41,80,95,0.89,CD,overcast clouds,Kabare
620,18.3851,42.4509,63.12,20,10,11.5,SA,clear sky,Faya
621,55.4627,-4.6339,54.32,87,40,13.8,GB,moderate rain,Ayr
622,54.675,20.1347,51.85,85,100,14.29,RU,overcast clouds,Tsimmerbude
623,68.5044,14.8297,48.02,87,75,18.41,NO,moderate rain,Melbu
624,4.375,-7.7169,76.53,90,100,5.08,LR,overcast clouds,Harper
625,22.2394,68.9678,83.44,63,64,8.01,IN,broken clouds,Dwārka
626,45.0205,-93.218,66.13,61,40,5.75,US,scattered clouds,Saint Anthony
627,35.222,-101.8313,67.24,46,0,4.61,US,clear sky,Amarillo
628,19.9167,99.9167,89.31,74,20,4.61,TH,few clouds,Chiang Rai
629,-21.5667,165.4833,72.99,58,1,11.32,NC,clear sky,Bourail
630,2.6708,72.8944,81.72,77,100,19.37,MV,overcast clouds,Kudahuvadhoo
631,-6.2222,-57.7528,72.43,89,40,0.36,BR,scattered clouds,Jacareacanga
632,66.8333,70.8333,38.66,75,100,10.04,RU,overcast clouds,Yar-Sale
633,4.75,-55.1667,75.36,90,88,4.29,SR,overcast clouds,Distrikt Brokopondo
634,29.3669,-99.767,67.19,52,0,0.0,US,clear sky,Uvalde
635,-10.6167,150.6667,79.18,84,100,8.68,PG,overcast clouds,Samarai
636,30.4135,111.8874,52.54,72,100,10.71,CN,overcast clouds,Qixingtai
637,30.2956,111.5047,53.87,70,100,6.46,CN,overcast clouds,Zhicheng
638,51.1,66.3167,49.89,23,12,4.32,KZ,few clouds,Derzhavīnsk
639,3.1191,35.5973,82.2,45,78,14.97,KE,broken clouds,Lodwar
640,54.9749,60.3633,45.9,39,100,10.07,RU,overcast clouds,Chebarkul'
641,13.9833,75.3,78.49,72,93,5.28,IN,overcast clouds,Beltangadi
642,59.6425,-151.5483,51.69,75,100,8.99,US,overcast clouds,Homer
643,-20.2078,57.7625,74.08,70,87,11.36,MU,overcast clouds,Quatre Cocos
644,6.7989,81.4808,90.14,43,100,2.66,LK,overcast clouds,Wattegama
645,13.7667,109.2333,82.38,82,95,9.4,VN,moderate rain,Qui Nhon
646,-20.7333,139.5,82.17,57,40,13.8,AU,scattered clouds,Mount Isa
647,-13.1583,-74.2239,55.69,79,83,1.83,PE,broken clouds,Ayacucho
648,51.2585,-80.6094,46.4,93,100,2.3,CA,overcast clouds,Moose Factory
649,49.6,117.4333,40.03,27,18,11.34,CN,few clouds,Manzhouli
650,25.9,93.7333,78.78,94,75,2.3,IN,mist,Dimāpur
651,-8.19,114.9675,85.01,73,66,3.49,ID,broken clouds,Banjar
652,24.6877,46.7219,75.34,30,0,4.63,SA,clear sky,Riyadh
653,41.1754,29.6133,57.87,75,7,1.99,TR,light rain,Şile
654,60.7167,-46.0333,35.46,99,100,9.4,GL,light rain,Qaqortoq
655,26.9581,56.2719,87.67,66,2,4.07,IR,clear sky,Qeshm
656,31.8359,71.4362,93.69,19,0,5.03,PK,clear sky,Dullewala
657,33.662,-112.3413,83.82,39,40,11.5,US,scattered clouds,Sun City West
658,-25.0978,30.4597,61.45,78,36,2.24,ZA,scattered clouds,Lydenburg
659,-5.795,-35.2094,77.22,83,20,5.75,BR,few clouds,Natal
660,27.5833,91.8667,55.4,96,100,1.03,IN,overcast clouds,Tawang Town
661,9.2142,123.515,89.51,72,35,8.7,PH,scattered clouds,Siquijor
662,62.6683,131.1683,32.2,49,13,10.25,RU,few clouds,Borogontsy
663,50.5167,-116.0354,59.43,59,85,2.26,CA,overcast clouds,Invermere
664,27.2696,31.1511,68.22,54,0,7.27,EG,clear sky,Abnūb
665,52.5178,99.825,35.78,31,3,2.48,RU,clear sky,Orlik
666,-9.6608,20.3916,68.7,64,61,1.5,AO,broken clouds,Saurimo
667,33.5928,-7.6192,68.22,81,0,5.14,MA,clear sky,Casablanca
668,5.4802,-53.2011,78.01,84,8,8.97,GF,clear sky,Iracoubo
669,38.421,-121.4238,76.32,63,0,5.75,US,clear sky,Laguna
670,-9.5618,-48.3967,78.24,45,0,3.83,BR,clear sky,Miracema do Tocantins
671,39.1502,-123.2078,64.36,68,0,0.0,US,clear sky,Ukiah
672,-0.6136,-47.3561,77.49,80,16,7.07,BR,few clouds,Salinópolis
